{
    "name": "didlee",
    "files": [
        {
            "filename": "Purple #3 Apr 20 23:42:01.wav",
            "mimeType": "audio/wav",
            "params": {
                "volume": 0.5,
                "rate": 0.6,
                "pan": -49,
                "panZ": 0.6560590289905073,
                "panX": -0.7547095802227719,
                "panWidth": 22,
                "loop": true,
                "loopStart": 0.8869730520227415,
                "loopEnd": 2.026978293732952,
                "solo": false,
                "locked": false,
                "muted": true,
                "pause": false,
                "pausedAt": 0,
                "reversed": false,
                "effectsEnabled": true,
                "effects": [
                    {
                        "idx": 0,
                        "id": "delay",
                        "type": "delay",
                        "bypassed": true,
                        "params": {
                            "feedback": 0.2,
                            "time": 0.43,
                            "mix": 0.4
                        },
                        "defaults": {
                            "feedback": {
                                "value": 0.5,
                                "max": 1,
                                "min": 0,
                                "type": "float"
                            },
                            "time": {
                                "value": 0.1,
                                "max": 1,
                                "min": 0,
                                "type": "float"
                            },
                            "mix": {
                                "value": 0.5,
                                "max": 1,
                                "min": 0,
                                "type": "float"
                            }
                        }
                    }
                ]
            }
        },
        {
            "filename": "Purple #4 Apr 20 23:42:05.wav",
            "mimeType": "audio/wav",
            "params": {
                "volume": 0.3,
                "rate": 0.5,
                "pan": -53,
                "panZ": 0.6018150231520483,
                "panX": -0.7986355100472928,
                "panWidth": 20,
                "loop": false,
                "loopStart": 0,
                "loopEnd": 0,
                "solo": false,
                "locked": false,
                "muted": true,
                "pause": false,
                "pausedAt": 0,
                "reversed": false,
                "effectsEnabled": true,
                "effects": [
                    {
                        "idx": 0,
                        "id": "delay",
                        "type": "delay",
                        "bypassed": false,
                        "params": {
                            "feedback": 0.3,
                            "time": 0.7,
                            "mix": 0.7
                        },
                        "defaults": {
                            "feedback": {
                                "value": 0.5,
                                "max": 1,
                                "min": 0,
                                "type": "float"
                            },
                            "time": {
                                "value": 0.1,
                                "max": 1,
                                "min": 0,
                                "type": "float"
                            },
                            "mix": {
                                "value": 0.5,
                                "max": 1,
                                "min": 0,
                                "type": "float"
                            }
                        }
                    }
                ]
            }
        },
        {
            "filename": "Purple #5 Apr 20 23:42:08.wav",
            "mimeType": "audio/wav",
            "params": {
                "volume": 0.5,
                "rate": 0.9,
                "pan": -16,
                "panZ": 0.9612616959383189,
                "panX": -0.27563735581699916,
                "panWidth": 41,
                "loop": false,
                "loopStart": 0.4828401675485009,
                "loopEnd": 0.4828401675485009,
                "solo": false,
                "locked": true,
                "muted": false,
                "pause": false,
                "pausedAt": 0,
                "reversed": false,
                "effectsEnabled": true,
                "effects": [
                    {
                        "idx": 0,
                        "id": "delay",
                        "type": "delay",
                        "bypassed": true,
                        "params": {
                            "feedback": 0.5,
                            "time": 0.1,
                            "mix": 0.5
                        },
                        "defaults": {
                            "feedback": {
                                "value": 0.5,
                                "max": 1,
                                "min": 0,
                                "type": "float"
                            },
                            "time": {
                                "value": 0.1,
                                "max": 1,
                                "min": 0,
                                "type": "float"
                            },
                            "mix": {
                                "value": 0.5,
                                "max": 1,
                                "min": 0,
                                "type": "float"
                            }
                        }
                    }
                ]
            }
        },
        {
            "filename": "Purple #6 Apr 20 23:42:10.wav",
            "mimeType": "audio/wav",
            "params": {
                "volume": 0.2,
                "rate": 0.4,
                "pan": -37,
                "panZ": 0.7986355100472928,
                "panX": -0.6018150231520483,
                "panWidth": 29,
                "loop": true,
                "loopStart": 0,
                "loopEnd": 0.6826757369614512,
                "solo": false,
                "locked": false,
                "muted": true,
                "pause": false,
                "pausedAt": 0,
                "reversed": false,
                "effectsEnabled": false,
                "effects": [
                    {
                        "idx": 0,
                        "id": "delay",
                        "type": "delay",
                        "bypassed": true,
                        "params": {
                            "feedback": 0.3,
                            "time": 0.57,
                            "mix": 0.6
                        },
                        "defaults": {
                            "feedback": {
                                "value": 0.5,
                                "max": 1,
                                "min": 0,
                                "type": "float"
                            },
                            "time": {
                                "value": 0.1,
                                "max": 1,
                                "min": 0,
                                "type": "float"
                            },
                            "mix": {
                                "value": 0.5,
                                "max": 1,
                                "min": 0,
                                "type": "float"
                            }
                        }
                    }
                ]
            }
        },
        {
            "filename": "Purple #8 Apr 20 23:42:15.wav",
            "mimeType": "audio/wav",
            "params": {
                "volume": 0.05,
                "rate": 0.3,
                "pan": -28,
                "panZ": 0.8829475928589269,
                "panX": -0.4694715627858908,
                "panWidth": 34,
                "loop": false,
                "loopStart": 0,
                "loopEnd": 0,
                "solo": false,
                "locked": false,
                "muted": true,
                "pause": false,
                "pausedAt": 0,
                "reversed": true,
                "effectsEnabled": true,
                "effects": [
                    {
                        "idx": 0,
                        "id": "delay",
                        "type": "delay",
                        "bypassed": false,
                        "params": {
                            "feedback": 0.3,
                            "time": 0.54,
                            "mix": 0.5
                        },
                        "defaults": {
                            "feedback": {
                                "value": 0.5,
                                "max": 1,
                                "min": 0,
                                "type": "float"
                            },
                            "time": {
                                "value": 0.1,
                                "max": 1,
                                "min": 0,
                                "type": "float"
                            },
                            "mix": {
                                "value": 0.5,
                                "max": 1,
                                "min": 0,
                                "type": "float"
                            }
                        }
                    }
                ]
            }
        },
        {
            "filename": "Purple #10 Apr 20 23:42:19.wav",
            "mimeType": "audio/wav",
            "params": {
                "volume": 0.5,
                "rate": 0.4,
                "pan": -69,
                "panZ": 0.35836794954530027,
                "panX": -0.9335804264972017,
                "panWidth": 11,
                "loop": false,
                "loopStart": 0,
                "loopEnd": 0,
                "solo": false,
                "locked": true,
                "muted": false,
                "pause": false,
                "pausedAt": 0,
                "reversed": false,
                "effectsEnabled": true,
                "effects": [
                    {
                        "idx": 0,
                        "id": "delay",
                        "type": "delay",
                        "bypassed": true,
                        "params": {
                            "feedback": 0.3,
                            "time": 0.52,
                            "mix": 0.5
                        },
                        "defaults": {
                            "feedback": {
                                "value": 0.5,
                                "max": 1,
                                "min": 0,
                                "type": "float"
                            },
                            "time": {
                                "value": 0.1,
                                "max": 1,
                                "min": 0,
                                "type": "float"
                            },
                            "mix": {
                                "value": 0.5,
                                "max": 1,
                                "min": 0,
                                "type": "float"
                            }
                        }
                    }
                ]
            }
        },
        {
            "filename": "Purple #11 Apr 20 23:42:22.wav",
            "mimeType": "audio/wav",
            "params": {
                "volume": 0,
                "rate": 0.3,
                "pan": -28,
                "panZ": 0.8829475928589269,
                "panX": -0.4694715627858908,
                "panWidth": 34,
                "loop": true,
                "loopStart": 0,
                "loopEnd": 1.024013605442177,
                "solo": false,
                "locked": false,
                "muted": false,
                "pause": false,
                "pausedAt": 0,
                "reversed": false,
                "effectsEnabled": true,
                "effects": [
                    {
                        "idx": 0,
                        "id": "delay",
                        "type": "delay",
                        "bypassed": true,
                        "params": {
                            "feedback": 0.2,
                            "time": 0.4,
                            "mix": 0.4
                        },
                        "defaults": {
                            "feedback": {
                                "value": 0.5,
                                "max": 1,
                                "min": 0,
                                "type": "float"
                            },
                            "time": {
                                "value": 0.1,
                                "max": 1,
                                "min": 0,
                                "type": "float"
                            },
                            "mix": {
                                "value": 0.5,
                                "max": 1,
                                "min": 0,
                                "type": "float"
                            }
                        }
                    }
                ]
            }
        },
        {
            "filename": "Purple #12 Apr 20 23:42:25.wav",
            "mimeType": "audio/wav",
            "params": {
                "volume": 0.3,
                "rate": 0.5,
                "pan": -58,
                "panZ": 0.5299192642332049,
                "panX": -0.848048096156426,
                "panWidth": 17,
                "loop": false,
                "loopStart": 0,
                "loopEnd": 0,
                "solo": false,
                "locked": false,
                "muted": false,
                "pause": false,
                "pausedAt": 0,
                "reversed": false,
                "effectsEnabled": true,
                "effects": [
                    {
                        "idx": 0,
                        "id": "delay",
                        "type": "delay",
                        "bypassed": true,
                        "params": {
                            "feedback": 0.4,
                            "time": 0.74,
                            "mix": 0.7
                        },
                        "defaults": {
                            "feedback": {
                                "value": 0.5,
                                "max": 1,
                                "min": 0,
                                "type": "float"
                            },
                            "time": {
                                "value": 0.1,
                                "max": 1,
                                "min": 0,
                                "type": "float"
                            },
                            "mix": {
                                "value": 0.5,
                                "max": 1,
                                "min": 0,
                                "type": "float"
                            }
                        }
                    }
                ]
            }
        }
    ],
    "cols": 1,
    "rows": 8,
    "contentLength": 1769824
}