{
    "name": "annea5.ppl",
    "files": [
        {
            "filename": "Purple #2 Apr 17 23:51:47.mp3",
            "mimeType": "audio/mp3",
            "params": {
                "volume": 0.35,
                "rate": 2,
                "pan": 88,
                "panZ": 0.03489949670250097,
                "panX": 0.9993908270190958,
                "panWidth": 98,
                "loop": true,
                "loopStart": 0.1424157218442933,
                "loopEnd": 0.9494381456286217,
                "solo": false,
                "locked": false,
                "muted": false,
                "pause": false,
                "pausedAt": 0,
                "reversed": true,
                "effectsEnabled": false,
                "effects": [
                    {
                        "idx": 0,
                        "id": "delay",
                        "type": "delay",
                        "bypassed": true,
                        "params": {
                            "feedback": 0.5,
                            "time": 0.97,
                            "mix": 1
                        },
                        "defaults": {
                            "feedback": {
                                "value": 0.5,
                                "max": 1,
                                "min": 0,
                                "type": "float"
                            },
                            "time": {
                                "value": 0.1,
                                "max": 1,
                                "min": 0,
                                "type": "float"
                            },
                            "mix": {
                                "value": 0.5,
                                "max": 1,
                                "min": 0,
                                "type": "float"
                            }
                        }
                    }
                ]
            }
        },
        {
            "filename": "Purple #7 Apr 18 00:01:54.mp3",
            "mimeType": "audio/mp3",
            "params": {
                "volume": 0.8,
                "rate": 0.9,
                "pan": -16,
                "panZ": 0.9612616959383189,
                "panX": -0.27563735581699916,
                "panWidth": 41,
                "loop": true,
                "loopStart": 11.465497606449988,
                "loopEnd": 11.465497606449988,
                "solo": false,
                "locked": true,
                "muted": false,
                "pause": false,
                "pausedAt": 0,
                "reversed": false,
                "effectsEnabled": false,
                "effects": [
                    {
                        "idx": 0,
                        "id": "delay",
                        "type": "delay",
                        "bypassed": true,
                        "params": {
                            "feedback": 0.5,
                            "time": 0.1,
                            "mix": 0.5
                        },
                        "defaults": {
                            "feedback": {
                                "value": 0.5,
                                "max": 1,
                                "min": 0,
                                "type": "float"
                            },
                            "time": {
                                "value": 0.1,
                                "max": 1,
                                "min": 0,
                                "type": "float"
                            },
                            "mix": {
                                "value": 0.5,
                                "max": 1,
                                "min": 0,
                                "type": "float"
                            }
                        }
                    }
                ]
            }
        },
        {
            "filename": "Purple #8 Apr 18 00:03:51.mp3",
            "mimeType": "audio/mp3",
            "params": {
                "volume": 0.5,
                "rate": 1,
                "pan": -37,
                "panZ": 0.7986355100472928,
                "panX": -0.6018150231520483,
                "panWidth": 29,
                "loop": false,
                "loopStart": 0,
                "loopEnd": 0,
                "solo": false,
                "locked": true,
                "muted": false,
                "pause": false,
                "pausedAt": 0,
                "reversed": false,
                "effectsEnabled": true,
                "effects": [
                    {
                        "idx": 0,
                        "id": "delay",
                        "type": "delay",
                        "bypassed": false,
                        "params": {
                            "feedback": 0.5,
                            "time": 0.1,
                            "mix": 0.5
                        },
                        "defaults": {
                            "feedback": {
                                "value": 0.5,
                                "max": 1,
                                "min": 0,
                                "type": "float"
                            },
                            "time": {
                                "value": 0.1,
                                "max": 1,
                                "min": 0,
                                "type": "float"
                            },
                            "mix": {
                                "value": 0.5,
                                "max": 1,
                                "min": 0,
                                "type": "float"
                            }
                        }
                    }
                ]
            }
        },
        {
            "filename": "Purple #5 Apr 17 23:55:39.mp3",
            "mimeType": "audio/mp3",
            "params": {
                "volume": 0.9,
                "rate": 0.5,
                "pan": -13,
                "panZ": 0.9743700647852352,
                "panX": -0.224951054343865,
                "panWidth": 42,
                "loop": false,
                "loopStart": 0,
                "loopEnd": 0,
                "solo": false,
                "locked": false,
                "muted": true,
                "pause": false,
                "pausedAt": 0,
                "reversed": false,
                "effectsEnabled": true,
                "effects": [
                    {
                        "idx": 0,
                        "id": "delay",
                        "type": "delay",
                        "bypassed": false,
                        "params": {
                            "feedback": 0,
                            "time": 0.08,
                            "mix": 0.1
                        },
                        "defaults": {
                            "feedback": {
                                "value": 0.5,
                                "max": 1,
                                "min": 0,
                                "type": "float"
                            },
                            "time": {
                                "value": 0.1,
                                "max": 1,
                                "min": 0,
                                "type": "float"
                            },
                            "mix": {
                                "value": 0.5,
                                "max": 1,
                                "min": 0,
                                "type": "float"
                            }
                        }
                    }
                ]
            }
        },
        {
            "filename": "Purple #4 Apr 17 23:53:59.mp3",
            "mimeType": "audio/mp3",
            "params": {
                "volume": 0.4,
                "rate": 1,
                "pan": -71,
                "panZ": 0.3255681544571567,
                "panX": -0.9455185755993167,
                "panWidth": 10,
                "loop": true,
                "loopStart": 1.661704390847248,
                "loopEnd": 2.5567280972995263,
                "solo": false,
                "locked": true,
                "muted": false,
                "pause": false,
                "pausedAt": 0,
                "reversed": false,
                "effectsEnabled": false,
                "effects": [
                    {
                        "idx": 0,
                        "id": "delay",
                        "type": "delay",
                        "bypassed": true,
                        "params": {
                            "feedback": 0.5,
                            "time": 0.1,
                            "mix": 0.5
                        },
                        "defaults": {
                            "feedback": {
                                "value": 0.5,
                                "max": 1,
                                "min": 0,
                                "type": "float"
                            },
                            "time": {
                                "value": 0.1,
                                "max": 1,
                                "min": 0,
                                "type": "float"
                            },
                            "mix": {
                                "value": 0.5,
                                "max": 1,
                                "min": 0,
                                "type": "float"
                            }
                        }
                    }
                ]
            }
        },
        {
            "filename": null,
            "mimeType": null,
            "params": {
                "volume": 0.05,
                "rate": 0.1,
                "pan": -99,
                "panZ": -0.15643446504023087,
                "panX": -0.9876883405951378,
                "panWidth": -5,
                "loop": false,
                "loopStart": 0,
                "loopEnd": 0,
                "solo": false,
                "locked": false,
                "muted": true,
                "pause": false,
                "pausedAt": 0,
                "reversed": false,
                "effectsEnabled": true,
                "effects": [
                    {
                        "idx": 0,
                        "id": "delay",
                        "type": "delay",
                        "bypassed": false,
                        "params": {
                            "feedback": 0.3,
                            "time": 0.66,
                            "mix": 0.7
                        },
                        "defaults": {
                            "feedback": {
                                "value": 0.5,
                                "max": 1,
                                "min": 0,
                                "type": "float"
                            },
                            "time": {
                                "value": 0.1,
                                "max": 1,
                                "min": 0,
                                "type": "float"
                            },
                            "mix": {
                                "value": 0.5,
                                "max": 1,
                                "min": 0,
                                "type": "float"
                            }
                        }
                    }
                ]
            }
        }
    ],
    "cols": 6,
    "rows": 1,
    "contentLength": 5767388
}