{
    "name": "world winter II",
    "files": [
        {
            "filename": "Purple #1 Dec 23 21:07:55.wav",
            "mimeType": "audio/wav",
            "params": {
                "volume": 1,
                "rate": 1,
                "pan": -8,
                "panZ": 0.9902680687415704,
                "panX": -0.13917310096006544,
                "panWidth": 45,
                "loop": true,
                "loopStart": 0.11467814371257484,
                "loopEnd": 3.691999126746507,
                "solo": false,
                "locked": true,
                "muted": false,
                "pause": false,
                "pausedAt": 0,
                "reversed": false,
                "effectsEnabled": true,
                "effects": [
                    {
                        "idx": 0,
                        "id": "delay",
                        "type": "delay",
                        "bypassed": true,
                        "params": {
                            "feedback": 0.5,
                            "time": 0.1,
                            "mix": 0.5
                        },
                        "defaults": {
                            "feedback": {
                                "value": 0.5,
                                "max": 1,
                                "min": 0,
                                "type": "float"
                            },
                            "time": {
                                "value": 0.1,
                                "max": 1,
                                "min": 0,
                                "type": "float"
                            },
                            "mix": {
                                "value": 0.5,
                                "max": 1,
                                "min": 0,
                                "type": "float"
                            }
                        }
                    }
                ]
            }
        },
        {
            "filename": "Purple #2 Dec 23 21:08:04.wav",
            "mimeType": "audio/wav",
            "params": {
                "volume": 0.8,
                "rate": 1,
                "pan": -11,
                "panZ": 0.981627183447664,
                "panX": -0.1908089953765448,
                "panWidth": 43,
                "loop": true,
                "loopStart": 0.3296780487804878,
                "loopEnd": 0.6510198675496689,
                "solo": false,
                "locked": true,
                "muted": false,
                "pause": false,
                "pausedAt": 0,
                "reversed": true,
                "effectsEnabled": true,
                "effects": [
                    {
                        "idx": 0,
                        "id": "delay",
                        "type": "delay",
                        "bypassed": false,
                        "params": {
                            "feedback": 0.1,
                            "time": 0.22,
                            "mix": 0.2
                        },
                        "defaults": {
                            "feedback": {
                                "value": 0.5,
                                "max": 1,
                                "min": 0,
                                "type": "float"
                            },
                            "time": {
                                "value": 0.1,
                                "max": 1,
                                "min": 0,
                                "type": "float"
                            },
                            "mix": {
                                "value": 0.5,
                                "max": 1,
                                "min": 0,
                                "type": "float"
                            }
                        }
                    }
                ]
            }
        },
        {
            "filename": "Purple #11 Dec 23 21:22:57.wav",
            "mimeType": "audio/wav",
            "params": {
                "volume": 0.8,
                "rate": 1,
                "pan": -10,
                "panZ": 0.984807753012208,
                "panX": -0.17364817766693033,
                "panWidth": 44,
                "loop": false,
                "loopStart": 0,
                "loopEnd": 0,
                "solo": false,
                "locked": true,
                "muted": false,
                "pause": false,
                "pausedAt": 0,
                "reversed": false,
                "effectsEnabled": true,
                "effects": [
                    {
                        "idx": 0,
                        "id": "delay",
                        "type": "delay",
                        "bypassed": true,
                        "params": {
                            "feedback": 0.5,
                            "time": 0.1,
                            "mix": 0.5
                        },
                        "defaults": {
                            "feedback": {
                                "value": 0.5,
                                "max": 1,
                                "min": 0,
                                "type": "float"
                            },
                            "time": {
                                "value": 0.1,
                                "max": 1,
                                "min": 0,
                                "type": "float"
                            },
                            "mix": {
                                "value": 0.5,
                                "max": 1,
                                "min": 0,
                                "type": "float"
                            }
                        }
                    }
                ]
            }
        },
        {
            "filename": "Purple #12 Dec 23 21:23:04.wav",
            "mimeType": "audio/wav",
            "params": {
                "volume": 0.9,
                "rate": 1,
                "pan": -10,
                "panZ": 0.984807753012208,
                "panX": -0.17364817766693033,
                "panWidth": 44,
                "loop": false,
                "loopStart": 0,
                "loopEnd": 0,
                "solo": false,
                "locked": true,
                "muted": false,
                "pause": false,
                "pausedAt": 0,
                "reversed": false,
                "effectsEnabled": true,
                "effects": [
                    {
                        "idx": 0,
                        "id": "delay",
                        "type": "delay",
                        "bypassed": true,
                        "params": {
                            "feedback": 0.5,
                            "time": 0.1,
                            "mix": 0.5
                        },
                        "defaults": {
                            "feedback": {
                                "value": 0.5,
                                "max": 1,
                                "min": 0,
                                "type": "float"
                            },
                            "time": {
                                "value": 0.1,
                                "max": 1,
                                "min": 0,
                                "type": "float"
                            },
                            "mix": {
                                "value": 0.5,
                                "max": 1,
                                "min": 0,
                                "type": "float"
                            }
                        }
                    }
                ]
            }
        },
        {
            "filename": "Purple #3 Dec 23 21:08:08.wav",
            "mimeType": "audio/wav",
            "params": {
                "volume": 0.25,
                "rate": 0.4,
                "pan": -68,
                "panZ": 0.374606593415912,
                "panX": -0.9271838545667874,
                "panWidth": 12,
                "loop": false,
                "loopStart": 0,
                "loopEnd": 0,
                "solo": false,
                "locked": false,
                "muted": true,
                "pause": false,
                "pausedAt": 0,
                "reversed": false,
                "effectsEnabled": true,
                "effects": [
                    {
                        "idx": 0,
                        "id": "delay",
                        "type": "delay",
                        "bypassed": true,
                        "params": {
                            "feedback": 0.4,
                            "time": 0.79,
                            "mix": 0.8
                        },
                        "defaults": {
                            "feedback": {
                                "value": 0.5,
                                "max": 1,
                                "min": 0,
                                "type": "float"
                            },
                            "time": {
                                "value": 0.1,
                                "max": 1,
                                "min": 0,
                                "type": "float"
                            },
                            "mix": {
                                "value": 0.5,
                                "max": 1,
                                "min": 0,
                                "type": "float"
                            }
                        }
                    }
                ]
            }
        },
        {
            "filename": "Purple #9 Dec 23 21:21:59.wav",
            "mimeType": "audio/wav",
            "params": {
                "volume": 1,
                "rate": 1,
                "pan": -6,
                "panZ": 0.9945218953682733,
                "panX": -0.10452846326765347,
                "panWidth": 46,
                "loop": true,
                "loopStart": 0.2496492728828058,
                "loopEnd": 6.446499001996007,
                "solo": false,
                "locked": true,
                "muted": false,
                "pause": false,
                "pausedAt": 0,
                "reversed": false,
                "effectsEnabled": true,
                "effects": [
                    {
                        "idx": 0,
                        "id": "delay",
                        "type": "delay",
                        "bypassed": true,
                        "params": {
                            "feedback": 0.5,
                            "time": 0.1,
                            "mix": 0.5
                        },
                        "defaults": {
                            "feedback": {
                                "value": 0.5,
                                "max": 1,
                                "min": 0,
                                "type": "float"
                            },
                            "time": {
                                "value": 0.1,
                                "max": 1,
                                "min": 0,
                                "type": "float"
                            },
                            "mix": {
                                "value": 0.5,
                                "max": 1,
                                "min": 0,
                                "type": "float"
                            }
                        }
                    }
                ]
            }
        },
        {
            "filename": "Purple #7 Dec 23 21:08:47.wav",
            "mimeType": "audio/wav",
            "params": {
                "volume": 0.8,
                "rate": 1,
                "pan": -10,
                "panZ": 0.984807753012208,
                "panX": -0.17364817766693033,
                "panWidth": 44,
                "loop": false,
                "loopStart": 0,
                "loopEnd": 0,
                "solo": false,
                "locked": true,
                "muted": false,
                "pause": false,
                "pausedAt": 0,
                "reversed": false,
                "effectsEnabled": true,
                "effects": [
                    {
                        "idx": 0,
                        "id": "delay",
                        "type": "delay",
                        "bypassed": true,
                        "params": {
                            "feedback": 0.5,
                            "time": 0.1,
                            "mix": 0.5
                        },
                        "defaults": {
                            "feedback": {
                                "value": 0.5,
                                "max": 1,
                                "min": 0,
                                "type": "float"
                            },
                            "time": {
                                "value": 0.1,
                                "max": 1,
                                "min": 0,
                                "type": "float"
                            },
                            "mix": {
                                "value": 0.5,
                                "max": 1,
                                "min": 0,
                                "type": "float"
                            }
                        }
                    }
                ]
            }
        },
        {
            "filename": "Purple #6 Dec 23 21:08:41.wav",
            "mimeType": "audio/wav",
            "params": {
                "volume": 0.6,
                "rate": 0.8,
                "pan": -26,
                "panZ": 0.898794046299167,
                "panX": -0.4383711467890774,
                "panWidth": 35,
                "loop": false,
                "loopStart": 0.35272084402623327,
                "loopEnd": 0,
                "solo": false,
                "locked": true,
                "muted": false,
                "pause": false,
                "pausedAt": 0,
                "reversed": false,
                "effectsEnabled": true,
                "effects": [
                    {
                        "idx": 0,
                        "id": "delay",
                        "type": "delay",
                        "bypassed": false,
                        "params": {
                            "feedback": 0.2,
                            "time": 0.43,
                            "mix": 0.4
                        },
                        "defaults": {
                            "feedback": {
                                "value": 0.5,
                                "max": 1,
                                "min": 0,
                                "type": "float"
                            },
                            "time": {
                                "value": 0.1,
                                "max": 1,
                                "min": 0,
                                "type": "float"
                            },
                            "mix": {
                                "value": 0.5,
                                "max": 1,
                                "min": 0,
                                "type": "float"
                            }
                        }
                    }
                ]
            }
        },
        {
            "filename": "Purple #4 Dec 23 21:08:14.wav",
            "mimeType": "audio/wav",
            "params": {
                "volume": 0.7,
                "rate": 1,
                "pan": -6,
                "panZ": 0.9945218953682733,
                "panX": -0.10452846326765347,
                "panWidth": 46,
                "loop": false,
                "loopStart": 0,
                "loopEnd": 0,
                "solo": false,
                "locked": true,
                "muted": false,
                "pause": false,
                "pausedAt": 0,
                "reversed": false,
                "effectsEnabled": true,
                "effects": [
                    {
                        "idx": 0,
                        "id": "delay",
                        "type": "delay",
                        "bypassed": true,
                        "params": {
                            "feedback": 0.5,
                            "time": 0.1,
                            "mix": 0.5
                        },
                        "defaults": {
                            "feedback": {
                                "value": 0.5,
                                "max": 1,
                                "min": 0,
                                "type": "float"
                            },
                            "time": {
                                "value": 0.1,
                                "max": 1,
                                "min": 0,
                                "type": "float"
                            },
                            "mix": {
                                "value": 0.5,
                                "max": 1,
                                "min": 0,
                                "type": "float"
                            }
                        }
                    }
                ]
            }
        },
        {
            "filename": "Purple #8 Dec 23 21:08:52.wav",
            "mimeType": "audio/wav",
            "params": {
                "volume": 0.7,
                "rate": 1.1,
                "pan": -1,
                "panZ": 0.9998476951563913,
                "panX": -0.01745240643728351,
                "panWidth": 49,
                "loop": true,
                "loopStart": 0.3153464499572284,
                "loopEnd": 3.072,
                "solo": false,
                "locked": true,
                "muted": false,
                "pause": false,
                "pausedAt": 0,
                "reversed": false,
                "effectsEnabled": true,
                "effects": [
                    {
                        "idx": 0,
                        "id": "delay",
                        "type": "delay",
                        "bypassed": false,
                        "params": {
                            "feedback": 0.1,
                            "time": 0.29,
                            "mix": 0.3
                        },
                        "defaults": {
                            "feedback": {
                                "value": 0.5,
                                "max": 1,
                                "min": 0,
                                "type": "float"
                            },
                            "time": {
                                "value": 0.1,
                                "max": 1,
                                "min": 0,
                                "type": "float"
                            },
                            "mix": {
                                "value": 0.5,
                                "max": 1,
                                "min": 0,
                                "type": "float"
                            }
                        }
                    }
                ]
            }
        },
        {
            "filename": "Purple #5 Dec 23 21:08:33.wav",
            "mimeType": "audio/wav",
            "params": {
                "volume": 1,
                "rate": 1,
                "pan": 0,
                "panZ": 1,
                "panX": 0,
                "panWidth": 50,
                "loop": false,
                "loopStart": 0,
                "loopEnd": 0,
                "solo": false,
                "locked": true,
                "muted": false,
                "pause": false,
                "pausedAt": 0,
                "reversed": false,
                "effectsEnabled": false,
                "effects": [
                    {
                        "idx": 0,
                        "id": "delay",
                        "type": "delay",
                        "bypassed": true,
                        "params": {
                            "feedback": 0.5,
                            "time": 0.1,
                            "mix": 0.5
                        },
                        "defaults": {
                            "feedback": {
                                "value": 0.5,
                                "max": 1,
                                "min": 0,
                                "type": "float"
                            },
                            "time": {
                                "value": 0.1,
                                "max": 1,
                                "min": 0,
                                "type": "float"
                            },
                            "mix": {
                                "value": 0.5,
                                "max": 1,
                                "min": 0,
                                "type": "float"
                            }
                        }
                    }
                ]
            }
        },
        {
            "filename": "Purple #10 Dec 23 21:22:13.wav",
            "mimeType": "audio/wav",
            "params": {
                "volume": 0.5,
                "rate": 1.7,
                "pan": 58,
                "panZ": 0.5299192642332049,
                "panX": 0.8480480961564261,
                "panWidth": 82,
                "loop": false,
                "loopStart": 0,
                "loopEnd": 0,
                "solo": false,
                "locked": true,
                "muted": false,
                "pause": false,
                "pausedAt": 0,
                "reversed": false,
                "effectsEnabled": true,
                "effects": [
                    {
                        "idx": 0,
                        "id": "delay",
                        "type": "delay",
                        "bypassed": true,
                        "params": {
                            "feedback": 0.3,
                            "time": 0.51,
                            "mix": 0.5
                        },
                        "defaults": {
                            "feedback": {
                                "value": 0.5,
                                "max": 1,
                                "min": 0,
                                "type": "float"
                            },
                            "time": {
                                "value": 0.1,
                                "max": 1,
                                "min": 0,
                                "type": "float"
                            },
                            "mix": {
                                "value": 0.5,
                                "max": 1,
                                "min": 0,
                                "type": "float"
                            }
                        }
                    }
                ]
            }
        }
    ],
    "cols": 3,
    "rows": 4,
    "contentLength": 8055528
}