{
    "name": "chatter",
    "cols": 5,
    "rows": 5,
    "files": [
        {
            "filename": "gte120chords-cfga#.m4a",
            "mimeType": "audio/mp4"
        },
        {
            "filename": "gte120chords-egcb.m4a",
            "mimeType": "audio/mp4"
        },
        {
            "filename": "gte120fx_delay-a.m4a",
            "mimeType": "audio/mp4"
        },
        {
            "filename": "gte120fx_down.m4a",
            "mimeType": "audio/mp4"
        },
        {
            "filename": "gte120fx_dry-d.m4a",
            "mimeType": "audio/mp4"
        },
        {
            "filename": "gte120fx_up.m4a",
            "mimeType": "audio/mp4"
        },
        {
            "filename": "gte120lick-fgcc.m4a",
            "mimeType": "audio/mp4"
        },
        {
            "filename": "gte120lick-gdcc.m4a",
            "mimeType": "audio/mp4"
        },
        {
            "filename": "gte120lick-dcga.m4a",
            "mimeType": "audio/mp4"
        },
        {
            "filename": "gte120lick-ecde.m4a",
            "mimeType": "audio/mp4"
        },
        {
            "filename": "gte120stereo_chords-a#ad.m4a",
            "mimeType": "audio/mp4"
        },
        {
            "filename": "gte120stereo_chords-dg.m4a",
            "mimeType": "audio/mp4"
        },
        {
            "filename": "gte120stereo_lick1-ca#f.m4a",
            "mimeType": "audio/mp4"
        },
        {
            "filename": "gte120stereo_lick2-ca#f.m4a",
            "mimeType": "audio/mp4"
        },
        {
            "filename": "gte120stereo_licks-dcgg.m4a",
            "mimeType": "audio/mp4"
        },
        {
            "filename": "gte120stereowah_chord-d.m4a",
            "mimeType": "audio/mp4"
        },
        {
            "filename": "gte120stereowah_lick-a.m4a",
            "mimeType": "audio/mp4"
        },
        {
            "filename": "gte120stereowah_perc-e.m4a",
            "mimeType": "audio/mp4"
        },
        {
            "filename": "gte120stereowah_perc.m4a",
            "mimeType": "audio/mp4"
        },
        {
            "filename": "gte120wah_lick-d.m4a",
            "mimeType": "audio/mp4"
        },
        {
            "filename": "gte120wah_lick02-e.m4a",
            "mimeType": "audio/mp4"
        },
        {
            "filename": "gte120wah_lick1-a7d.m4a",
            "mimeType": "audio/mp4"
        }
    ],
    "contentLength": 2336846
}