{
    "name": "clarenceX",
    "files": [
        {
            "filename": "1.wav",
            "mimeType": "audio/wav",
            "params": {
                "volume": 1,
                "rate": 1,
                "pan": 0,
                "panZ": 1,
                "panX": 0,
                "panWidth": 50,
                "loop": true,
                "loopStart": 6.696965560765838,
                "loopEnd": 10.869042849070588,
                "solo": false,
                "locked": true,
                "muted": false,
                "pause": false,
                "pausedAt": 0,
                "reversed": false,
                "effectsEnabled": true,
                "effects": [
                    {
                        "type": "delay",
                        "bypassed": false,
                        "params": {
                            "feedback": 0.5,
                            "time": 1,
                            "mix": 0.9
                        },
                        "defaults": {
                            "feedback": {
                                "value": 0.5,
                                "max": 1,
                                "min": 0
                            },
                            "time": {
                                "value": 1,
                                "max": 1,
                                "min": 0
                            },
                            "mix": {
                                "value": 0.5,
                                "max": 1,
                                "min": 0
                            }
                        }
                    }
                ]
            }
        }
    ],
    "cols": 1,
    "rows": 1,
    "contentLength": 1966124
}