{
    "name": " ling sling",
    "files": [
        {
            "filename": "Purple #13 Dec 23 22:01:52.wav",
            "mimeType": "audio/wav",
            "params": {
                "volume": 0.6,
                "rate": 1,
                "pan": -10,
                "panZ": 0.984807753012208,
                "panX": -0.17364817766693033,
                "panWidth": 44,
                "loop": true,
                "loopStart": 0.2569489592244083,
                "loopEnd": 3.7546666666666666,
                "solo": false,
                "locked": true,
                "muted": false,
                "pause": false,
                "pausedAt": 0,
                "reversed": false,
                "effectsEnabled": true,
                "effects": [
                    {
                        "idx": 0,
                        "id": "delay",
                        "type": "delay",
                        "bypassed": true,
                        "params": {
                            "feedback": 0.2,
                            "time": 0.41,
                            "mix": 0.4
                        },
                        "defaults": {
                            "feedback": {
                                "value": 0.5,
                                "max": 1,
                                "min": 0,
                                "type": "float"
                            },
                            "time": {
                                "value": 0.1,
                                "max": 1,
                                "min": 0,
                                "type": "float"
                            },
                            "mix": {
                                "value": 0.5,
                                "max": 1,
                                "min": 0,
                                "type": "float"
                            }
                        }
                    }
                ]
            }
        },
        {
            "filename": "Purple #19 Dec 23 22:06:19.wav",
            "mimeType": "audio/wav",
            "params": {
                "volume": 0.6,
                "rate": 0.9,
                "pan": -19,
                "panZ": 0.9455185755993167,
                "panX": -0.3255681544571567,
                "panWidth": 39,
                "loop": false,
                "loopStart": 0,
                "loopEnd": 0,
                "solo": false,
                "locked": true,
                "muted": false,
                "pause": false,
                "pausedAt": 0,
                "reversed": false,
                "effectsEnabled": true,
                "effects": [
                    {
                        "idx": 0,
                        "id": "delay",
                        "type": "delay",
                        "bypassed": false,
                        "params": {
                            "feedback": 0.2,
                            "time": 0.44,
                            "mix": 0.4
                        },
                        "defaults": {
                            "feedback": {
                                "value": 0.5,
                                "max": 1,
                                "min": 0,
                                "type": "float"
                            },
                            "time": {
                                "value": 0.1,
                                "max": 1,
                                "min": 0,
                                "type": "float"
                            },
                            "mix": {
                                "value": 0.5,
                                "max": 1,
                                "min": 0,
                                "type": "float"
                            }
                        }
                    }
                ]
            }
        },
        {
            "filename": "Purple #14 Dec 23 22:02:08.wav",
            "mimeType": "audio/wav",
            "params": {
                "volume": 0.7,
                "rate": 1,
                "pan": -11,
                "panZ": 0.981627183447664,
                "panX": -0.1908089953765448,
                "panWidth": 43,
                "loop": false,
                "loopStart": 0,
                "loopEnd": 0,
                "solo": false,
                "locked": true,
                "muted": false,
                "pause": false,
                "pausedAt": 0,
                "reversed": false,
                "effectsEnabled": true,
                "effects": [
                    {
                        "idx": 0,
                        "id": "delay",
                        "type": "delay",
                        "bypassed": true,
                        "params": {
                            "feedback": 0.5,
                            "time": 0.1,
                            "mix": 0.5
                        },
                        "defaults": {
                            "feedback": {
                                "value": 0.5,
                                "max": 1,
                                "min": 0,
                                "type": "float"
                            },
                            "time": {
                                "value": 0.1,
                                "max": 1,
                                "min": 0,
                                "type": "float"
                            },
                            "mix": {
                                "value": 0.5,
                                "max": 1,
                                "min": 0,
                                "type": "float"
                            }
                        }
                    }
                ]
            }
        },
        {
            "filename": "Purple #15 Dec 23 22:02:12.wav",
            "mimeType": "audio/wav",
            "params": {
                "volume": 0,
                "rate": 1,
                "pan": -13,
                "panZ": 0.9743700647852352,
                "panX": -0.224951054343865,
                "panWidth": 42,
                "loop": true,
                "loopStart": 0,
                "loopEnd": 2.048,
                "solo": false,
                "locked": false,
                "muted": true,
                "pause": false,
                "pausedAt": 0,
                "reversed": false,
                "effectsEnabled": false,
                "effects": [
                    {
                        "idx": 0,
                        "id": "delay",
                        "type": "delay",
                        "bypassed": true,
                        "params": {
                            "feedback": 0.3,
                            "time": 0.52,
                            "mix": 0.5
                        },
                        "defaults": {
                            "feedback": {
                                "value": 0.5,
                                "max": 1,
                                "min": 0,
                                "type": "float"
                            },
                            "time": {
                                "value": 0.1,
                                "max": 1,
                                "min": 0,
                                "type": "float"
                            },
                            "mix": {
                                "value": 0.5,
                                "max": 1,
                                "min": 0,
                                "type": "float"
                            }
                        }
                    }
                ]
            }
        },
        {
            "filename": "Purple #16 Dec 23 22:02:15.wav",
            "mimeType": "audio/wav",
            "params": {
                "volume": 0,
                "rate": 1,
                "pan": -12,
                "panZ": 0.9781476007338056,
                "panX": -0.20791169081775934,
                "panWidth": 43,
                "loop": false,
                "loopStart": 0,
                "loopEnd": 0,
                "solo": false,
                "locked": false,
                "muted": true,
                "pause": false,
                "pausedAt": 0,
                "reversed": false,
                "effectsEnabled": true,
                "effects": [
                    {
                        "idx": 0,
                        "id": "delay",
                        "type": "delay",
                        "bypassed": true,
                        "params": {
                            "feedback": 0.3,
                            "time": 0.51,
                            "mix": 0.5
                        },
                        "defaults": {
                            "feedback": {
                                "value": 0.5,
                                "max": 1,
                                "min": 0,
                                "type": "float"
                            },
                            "time": {
                                "value": 0.1,
                                "max": 1,
                                "min": 0,
                                "type": "float"
                            },
                            "mix": {
                                "value": 0.5,
                                "max": 1,
                                "min": 0,
                                "type": "float"
                            }
                        }
                    }
                ]
            }
        },
        {
            "filename": "Purple #17 Dec 23 22:06:11.wav",
            "mimeType": "audio/wav",
            "params": {
                "volume": 0.5,
                "rate": 0.6,
                "pan": -52,
                "panZ": 0.6156614753256583,
                "panX": -0.788010753606722,
                "panWidth": 21,
                "loop": true,
                "loopStart": 0,
                "loopEnd": 5.802666666666667,
                "solo": false,
                "locked": true,
                "muted": false,
                "pause": false,
                "pausedAt": 0,
                "reversed": false,
                "effectsEnabled": true,
                "effects": [
                    {
                        "idx": 0,
                        "id": "delay",
                        "type": "delay",
                        "bypassed": true,
                        "params": {
                            "feedback": 0.3,
                            "time": 0.55,
                            "mix": 0.6
                        },
                        "defaults": {
                            "feedback": {
                                "value": 0.5,
                                "max": 1,
                                "min": 0,
                                "type": "float"
                            },
                            "time": {
                                "value": 0.1,
                                "max": 1,
                                "min": 0,
                                "type": "float"
                            },
                            "mix": {
                                "value": 0.5,
                                "max": 1,
                                "min": 0,
                                "type": "float"
                            }
                        }
                    }
                ]
            }
        },
        {
            "filename": "Purple #18 Dec 23 22:06:16.wav",
            "mimeType": "audio/wav",
            "params": {
                "volume": 0.4,
                "rate": 0.7,
                "pan": -38,
                "panZ": 0.788010753606722,
                "panX": -0.6156614753256583,
                "panWidth": 28,
                "loop": false,
                "loopStart": 0,
                "loopEnd": 0,
                "solo": false,
                "locked": false,
                "muted": false,
                "pause": false,
                "pausedAt": 0,
                "reversed": false,
                "effectsEnabled": true,
                "effects": [
                    {
                        "idx": 0,
                        "id": "delay",
                        "type": "delay",
                        "bypassed": true,
                        "params": {
                            "feedback": 0.3,
                            "time": 0.64,
                            "mix": 0.6
                        },
                        "defaults": {
                            "feedback": {
                                "value": 0.5,
                                "max": 1,
                                "min": 0,
                                "type": "float"
                            },
                            "time": {
                                "value": 0.1,
                                "max": 1,
                                "min": 0,
                                "type": "float"
                            },
                            "mix": {
                                "value": 0.5,
                                "max": 1,
                                "min": 0,
                                "type": "float"
                            }
                        }
                    }
                ]
            }
        }
    ],
    "cols": 1,
    "rows": 7,
    "contentLength": 3342640
}