{
    "name": "drummer",
    "cols": 4,
    "rows": 4,
    "files": [
        {
            "filename": "110chh.wav",
            "mimeType": "audio/wav"
        },
        {
            "filename": "110clp.wav",
            "mimeType": "audio/wav"
        },
        {
            "filename": "110cym.wav",
            "mimeType": "audio/wav"
        },
        {
            "filename": "110kik.wav",
            "mimeType": "audio/wav"
        },
        {
            "filename": "110ohh.wav",
            "mimeType": "audio/wav"
        },
        {
            "filename": "110snr.wav",
            "mimeType": "audio/wav"
        },
        {
            "filename": "110chh.mp3",
            "mimeType": "audio/mpeg"
        },
        {
            "filename": "dr110cht.wav",
            "mimeType": "audio/wav"
        },
        {
            "filename": "dr110clp.wav",
            "mimeType": "audio/wav"
        },
        {
            "filename": "dr110cym.wav",
            "mimeType": "audio/wav"
        },
        {
            "filename": "dr110kik.wav",
            "mimeType": "audio/wav"
        },
        {
            "filename": "dr110oht.wav",
            "mimeType": "audio/wav"
        },
        {
            "filename": "dr110snr.wav",
            "mimeType": "audio/wav"
        }
    ],
    "contentLength": 509302
}