{"files":[{"filename":"str120chord-a#.wav","mimeType":"audio/wav"},{"filename":"str120chord-a.wav","mimeType":"audio/wav"},{"filename":"str120chord-b.wav","mimeType":"audio/wav"},{"filename":"str120chord-c.wav","mimeType":"audio/wav"},{"filename":"str120chord-d.wav","mimeType":"audio/wav"},{"filename":"str120chord-e.wav","mimeType":"audio/wav"},{"filename":"str120chord-f.wav","mimeType":"audio/wav"},{"filename":"str120chord-g.wav","mimeType":"audio/wav"},{"filename":"str120chord-amin.wav","mimeType":"audio/wav"},{"filename":"str120chord-dmin.wav","mimeType":"audio/wav"},{"filename":"str120chord-emin.wav","mimeType":"audio/wav"}],"rows":4,"cols":3,"name":"lefti"}