{
    "name": "fool4u",
    "cols": 3,
    "rows": 3,
    "files": [
        {
            "filename": "1.mp3",
            "mimeType": "audio/mpeg"
        },
        {
            "filename": "2.mp3",
            "mimeType": "audio/mpeg"
        },
        {
            "filename": "3.mp3",
            "mimeType": "audio/mpeg"
        },
        {
            "filename": "4.mp3",
            "mimeType": "audio/mpeg"
        },
        {
            "filename": "5.mp3",
            "mimeType": "audio/mpeg"
        },
        {
            "filename": "6.mp3",
            "mimeType": "audio/mpeg"
        },
        {
            "filename": "7.mp3",
            "mimeType": "audio/mpeg"
        },
        {
            "filename": "8.mp3",
            "mimeType": "audio/mpeg"
        },
        {
            "filename": "9.mp3",
            "mimeType": "audio/mpeg"
        }
    ],
    "contentLength": 3256802
}