{
    "name": "sade",
    "cols": 2,
    "rows": 2,
    "files": [
        {
            "filename": "you're not the man.mp3",
            "mimeType": "audio/mpeg"
        },
        {
            "filename": "cherish the day.mp3",
            "mimeType": "audio/mpeg"
        },
        {
            "filename": "love is stronger than pride.mp3",
            "mimeType": "audio/mpeg"
        },
        {
            "filename": "pearls.mp3",
            "mimeType": "audio/mpeg"
        }
    ],
    "contentLength": 11041059
}